model_1,model_2,dm_statistic,dm_pvalue,mean_loss_differential,preferred_model
(a) RV 1-month,(b) RV 6-month,-1.3923473962548256,0.1638172255537078,-0.008613204638913866,(a) RV 1-month
(a) RV 1-month,(c) GJR-GARCH,-5.437289421618771,5.4097226476201854e-08,-0.19491735739528562,(a) RV 1-month
(a) RV 1-month,(d) EGARCH,-8.495921383054908,0.0,-0.21081955712676245,(a) RV 1-month
(b) RV 6-month,(c) GJR-GARCH,-5.4049908744391635,6.481169267935627e-08,-0.18630415275637174,(b) RV 6-month
(b) RV 6-month,(d) EGARCH,-7.691482771371719,1.4654943925052066e-14,-0.20220635248784855,(b) RV 6-month
(c) GJR-GARCH,(d) EGARCH,-0.3346019440161697,0.7379253782535271,-0.0159021997314768,(c) GJR-GARCH
